[
    {
        "name" : "Algeria",
        "capital" : "Algiers",
        "population" : 40400000,
        "area" : 2381741
    },
    {
        "name" : "Angola",
        "capital" : "Luanda",
        "population" : 25868000,
        "area" : 1246700
    },
    {
        "name" : "Benin",
        "capital" : "Porto-Novo",
        "population" : 10653654,
        "area" : 112622
    },
    {
        "name" : "Botswana",
        "capital" : "Gaborone",
        "population" : 2141206,
        "area" : 582000
    },
    {
        "name" : "British Indian Ocean Territory",
        "capital" : "Diego Garcia",
        "population" : 3000,
        "area" : 60
    },
    {
        "name" : "Burkina Faso",
        "capital" : "Ouagadougou",
        "population" : 19034397,
        "area" : 272967
    },
    {
        "name" : "Burundi",
        "capital" : "Bujumbura",
        "population" : 10114505,
        "area" : 27834
    },
    {
        "name" : "Cameroon",
        "capital" : "Yaoundé",
        "population" : 22709892,
        "area" : 475442
    },
    {
        "name" : "Cabo Verde",
        "capital" : "Praia",
        "population" : 531239,
        "area" : 4033
    },
    {
        "name" : "Central African Republic",
        "capital" : "Bangui",
        "population" : 4998000,
        "area" : 622984
    },
    {
        "name" : "Chad",
        "capital" : "N'Djamena",
        "population" : 14497000,
        "area" : 1284000
    },
    {
        "name" : "Comoros",
        "capital" : "Moroni",
        "population" : 806153,
        "area" : 1862
    },
    {
        "name" : "Congo",
        "capital" : "Brazzaville",
        "population" : 4741000,
        "area" : 342000
    },
    {
        "name" : "Congo (Democratic Republic of the)",
        "capital" : "Kinshasa",
        "population" : 85026000,
        "area" : 2344858
    },
    {
        "name" : "Djibouti",
        "capital" : "Djibouti",
        "population" : 900000,
        "area" : 23200
    },
    {
        "name" : "Egypt",
        "capital" : "Cairo",
        "population" : 91290000,
        "area" : 1002450
    },
    {
        "name" : "Equatorial Guinea",
        "capital" : "Malabo",
        "population" : 1222442,
        "area" : 28051
    },
    {
        "name" : "Eritrea",
        "capital" : "Asmara",
        "population" : 5352000,
        "area" : 117600
    },
    {
        "name" : "Ethiopia",
        "capital" : "Addis Ababa",
        "population" : 92206005,
        "area" : 1104300
    },
    {
        "name" : "French Southern Territories",
        "capital" : "Port-aux-Français",
        "population" : 140,
        "area" : 7747
    },
    {
        "name" : "Gabon",
        "capital" : "Libreville",
        "population" : 1802278,
        "area" : 267668
    },
    {
        "name" : "Gambia",
        "capital" : "Banjul",
        "population" : 1882450,
        "area" : 11295
    },
    {
        "name" : "Ghana",
        "capital" : "Accra",
        "population" : 27670174,
        "area" : 238533
    },
    {
        "name" : "Guinea",
        "capital" : "Conakry",
        "population" : 12947000,
        "area" : 245857
    },
    {
        "name" : "Guinea-Bissau",
        "capital" : "Bissau",
        "population" : 1547777,
        "area" : 36125
    },
    {
        "name" : "Côte d'Ivoire",
        "capital" : "Yamoussoukro",
        "population" : 22671331,
        "area" : 322463
    },
    {
        "name" : "Kenya",
        "capital" : "Nairobi",
        "population" : 47251000,
        "area" : 580367
    },
    {
        "name" : "Lesotho",
        "capital" : "Maseru",
        "population" : 1894194,
        "area" : 30355
    },
    {
        "name" : "Liberia",
        "capital" : "Monrovia",
        "population" : 4615000,
        "area" : 111369
    },
    {
        "name" : "Libya",
        "capital" : "Tripoli",
        "population" : 6385000,
        "area" : 1759540
    },
    {
        "name" : "Madagascar",
        "capital" : "Antananarivo",
        "population" : 22434363,
        "area" : 587041
    },
    {
        "name" : "Malawi",
        "capital" : "Lilongwe",
        "population" : 16832910,
        "area" : 118484
    },
    {
        "name" : "Mali",
        "capital" : "Bamako",
        "population" : 18135000,
        "area" : 1240192
    },
    {
        "name" : "Mauritania",
        "capital" : "Nouakchott",
        "population" : 3718678,
        "area" : 1030700
    },
    {
        "name" : "Mayotte",
        "capital" : "Mamoudzou",
        "population" : 226915,
        "area" : 3005
    },
    {
        "name" : "Mauritius",
        "capital" : "Port Louis",
        "population" : 1262879,
        "area" : 2040
    },
    {
        "name" : "Morocco",
        "capital" : "Rabat",
        "population" : 33337529,
        "area" : 446550
    },
    {
        "name" : "Mozambique",
        "capital" : "Maputo",
        "population" : 26423700,
        "area" : 801590
    },
    {
        "name" : "Namibia",
        "capital" : "Windhoek",
        "population" : 2324388,
        "area" : 825615
    },
    {
        "name" : "Niger",
        "capital" : "Niamey",
        "population" : 20715000,
        "area" : 1267000
    }
]