{
    "response": {
        "version": "0.9"
        ,"termsofService": "https://www.numelion.com"
        ,"features": {
        "date": "24/09/2013"
        }
    },
    "cotation_bourse": [
        {
        "bourse": {
        "heure": "15",
        "minute": "04"
        },
        "total": {
        "compagnie": "Total", 
        "cotation": "43,15", 
        "tendance": "+ 1,04"},    
        "michelin": {
        "compagnie": "Michelin", 
        "cotation": "82,42", 
        "tendance": "+ 1,20"}
        },
        {
        "bourse": {
        "heure": "09",
        "minute": "04"
        },
        "yahoo": {
        "compagnie": "Yahoo",
        "cotation": "30,26", 
        "tendance": "- 1,06"},
        "google": {
        "compagnie": "Google",
        "cotation": "886,50", 
        "tendance": "- 3,89"}
        }
        ]
}